id_video,titulo,dt_publicacao,id_canal,canal,dt_trending,cont_views,likes,dislikes,cont_comentarios,descricao,categoria
N3BOsuTOh1E,AMIGA FALSA - A TRAIDORA ( Epis√≥dio Dezessete ),2021-01-10 21:00:14+00:00,UC--FL6OwLFWGIZfLfazY4yA,Lorrayne Oliveira,2021-01-18 00:00:00+00:00,1733901,117495,2594,6160,#amigafalsa#lorrayneoliveira#webserie FICHA T√âCNICA:ROTEIRISTA E DIRETOR:  SIDNEY OLIVEIRAPROTAGONISTA:  LORRAYNE OLIVEIRA como YASMINMAQUIAGEM: @amoniquesantiago @leticiaabelha ELENCO:GABRIEL SCRIBEL / BRUNOMARIA EDUARDA DIAS MARQUES / EMILYANA OLIVEIRA / BARBARACONVIDADO ESPECIAL: JSSICA KEIRBAUMER COMO CLARAGABRIEL ESTEVEZ COMO JEANKIALDA LOPES COMO NONNA,Entertainment
JR-yUhHFdqI,O QUE ACONTECE SE A GENTE ATRAVESSAR A FAR LANDS EM CIMA DE UM CAVALO #shorts,2021-08-22 14:00:05+00:00,UCfW4DA0fSu_uI0LH947whdA,TDrich Canal 2,2021-08-28 00:00:00+00:00,83137,7035,320,63,"Eae gente, tudo bem? Eu sou o TDrich e estou aqui para mostrar o que acontece se a gente atravessar a far lands em cima de um cavalo, ent√£o se funcionar j√° deixe seu like e at√© a pr√≥xima!!!Canal Principal: https://www.youtube.com/channel/UCzCdWUodfwMKMjm1I8NOPMg#shortsInforma√ß√µes do JogoMinecraft 1.16.5TDrich",Gaming
4KfasdC4QS4,SALPIC√ÉO ESPECIAL DE NATAL I RECEITA DA DONA EDNA =D,2020-12-07 17:00:03+00:00,UCF5WzS-iBJRfp_EcFI-GT1w,Receitas de Pai,2020-12-15 00:00:00+00:00,254347,35539,200,1910,SALPIC√ÉO ESPECIAL DE NATAL I RECEITA DA DONA EDNA =DIngredientes:700g de maionese1 caixinha de creme de leite3 x[ocaras de frango cozido e desfiadobatata palha a gosto1 x√≠cara de presunto picado1 e 1/2 x√≠cara de cenoura ralada e cozida1 x√≠cara de palmito picado1 x√≠cara de abacaxi picado1/2 lata de milho1/2 lata de ervilha1 x√≠cara  de bacon fritocebolinha e salsinha a gosto1/2 x√≠cara de azeitonasal a gostoCaixa postal21016CEP - 81720-000Curitiba - Paran√°Diego Cesar AssalveContato para parcerias:receitasdepai@hotmail.comInstagram:https://www.instagram.com/receitasdepai/P√°gina Facebook:https://www.facebook.com/receitasdepaioficial/#salpicao #natalino,Entertainment
8nHyNKcJdTU,SU√âCIA X FRAN√áA (AO VIVO COM IMAGENS) - NATIONS LEAGUE,2020-09-05 20:57:40+00:00,UCs-6sCz2LJm1PrWQN4ErsPw,Esporte Interativo,2020-09-06 00:00:00+00:00,768004,37097,285,66,"A Nations League come√ßou com tudo e voc√™ vai ver Su√©cia x Fran√ßa, ao vivo e com imagens, aqui em nosso canal! Inscreva-se e n√£o perca nada da super cobertura dessa grande competi√ß√£o com v√°rias das melhores sele√ß√µes do mundo!Assista a todos os jogos da Champions League ao vivo no EI Plus por apenas R$13,90. Acesse o link: https://bit.ly/3gjMvHhAcesse o portal do Esporte Interativo: http://www.esporteinterativo.com.br/Canais:De Placa - http://bit.ly/2HxPlHlDe Sola - http://bit.ly/2k0Xg90EI Games - http://bit.ly/2ufcveAMFM - http://bit.ly/2KnSU6P",Sports
zQo2C6C2tGE,Chelsea 0-2 Liverpool | Premier League Highlights,2020-09-20 21:00:06+00:00,UCU2PacFf99vhb3hNiYDmxww,Chelsea Football Club,2020-09-26 00:00:00+00:00,2472046,24314,1916,3098,"Watch the highlights from Chelsea's Premier League match against Liverpool.Download Chelsea FC's official mobile app:-App Store https://apple.co/2vvlN9t-Play Store http://bit.ly/2MfNJHX Subscribe: http://che.lc/YTsubscribeTo watch more EXCLUSIVE Chelsea content go to: http://che.lc/YTwebsiteWelcome to the official home of Chelsea Football Club on YouTube. It‚Äôs the only channel where you‚Äôll get an authentic look at life at this great club. Every week we‚Äôll be uploading fresh content from the training ground, our famous stadium and much, much more. Nowhere else will you get closer to world-class stars like Christian Pulisic, Kai Havertz, Hakim Ziyech, Timo Werner & N‚ÄôGolo Kant√©. ABOUT CHELSEA FOOTBALL CLUBFounded in 1905, Chelsea Football Club has a rich history, with its many successes including 5 Premier League titles, 8 FA Cups and 1 Champions League, secured on a memorable night in 2012. Famous former Blues include Peter Osgood, Gianfranco Zola, Dennis Wise, John Terry, Didier Drogba & Eden Hazard.",Sports
3jaAJhI03Rg,Live do Pix I Thiago Brava e Hugo e Guilherme,2021-03-06 23:23:27+00:00,UCqazFGgTcLS1nD7u7F6WUXw,Thiago Brava (Oficial),2021-03-15 00:00:00+00:00,118073,4695,44,313,"Juntamos Thiago Brava, O REI DO PIX, e Hugo & Guilherme, febre nas rep√∫blicas e nos bares, para fazer essa live in√©dita, com o intuito de levar muita divers√£o, e intera√ß√£o com o p√∫blico. Pode fazer o pix que √© sucesso!PIXlivedopix@gmail.com",Music
3QqoZ9KUeEo,Time Falc√£o x Brazil Kickers e Jukanalha - Quem √© melhor nos p√™naltis?,2021-01-07 22:00:01+00:00,UCacMjDLANAoJmxSzxweAV4w,Falc√£o 12,2021-01-15 00:00:00+00:00,224513,22702,182,454,"Chegou o momento da revanche! Jukanalha se junta com Igor Rezende e Lucas BZK pra tentar quebrar a invencibilidade do Rei nos desafios, que tem Enzo e Flamarion no seu time. Qual time levou a melhor?Este √© o Canal da Lenda, do Rei, do melhor jogador da hist√≥ria do Futsal! Se voc√™ quer ver desafios, entrevistas e viagens com um conte√∫do recheado de boas hist√≥rias e convidados fora de s√©rie, voc√™ est√° no lugar certo! S√≥ cuidado para n√£o tomar uma carretilha!http://www.falcao12.com/CONTATO: imprensa@nwb.com.br--------------------------Experimente 1 m√™s gr√°tis do banco de trilhas Epidemic Sound: http://bit.ly/epidemicnwb-------------------------IG: https://www.instagram.com/falcao12oficial/?hl=pt-br / https://www.instagram.com/nwb.oficial/?hl=pt-br",Sports
Gqbb8fHPIpI,Pa√≠ses se unem para retirar quem queira sair do Afeganist√£o,2021-08-20 18:20:42+00:00,UCSv9d0kQegylHWpP83jWSQg,tvbrasil,2021-08-28 00:00:00+00:00,286011,8320,129,801,"Mais de cem pa√≠ses fazem parte do esfor√ßo diplom√°tico para garantir a sa√≠da segura de pessoas que queiram deixar o Afeganist√£o. As cenas que chocaram o mundo ao longo da semana foram vistas na capital, Cabul, tamb√©m nesta sexta-feira (20). E revelam o desespero entre muitos afeg√£os que temem o grupo extremista Talib√£. O Minist√©rio de Rela√ß√µes Exteriores informou que n√£o h√° registro de brasileiros que morem ou estejam em tr√¢nsito no Afeganist√£o. O Itamaraty informou ainda que a Embaixada do Brasil no Paquist√£o, que tem a jurisdi√ß√£o consular sobre o territ√≥rio afeg√£o, est√° dispon√≠vel para qualquer brasileiro que se encontre no pa√≠s e precise de aux√≠lio.Conhe√ßa a programa√ß√£o da sua TV Brasil: http://tvbrasil.ebc.com.br/Siga a TV Brasil nas redes sociais:Facebook - https://www.facebook.com/tvbrasilTwitter - https://twitter.com/TVBrasilInstagram - https://www.instagram.com/tvbrasil",Entertainment
JmUxXXPFWIg,FINALIZA√á√ÉO COM SKALA: AMIDO DE MILHO x BANANA E BACURI! ‚ú®,2020-08-31 15:00:07+00:00,UCUDk9RgdFKmTcty4cfUDcXg,Ana L√≠dia Lopes,2020-09-05 00:00:00+00:00,143793,19696,115,1247,"Onde encontrar os produtos usados:Creme Skala Brasil Banana: https://bit.ly/2EK0bhpCreme Skala Amido de Milho: https://bit.ly/3b9GMCn*Este v√≠deo √© em parceria com Skala ‚ô•Ô∏èüîî V√çDEOS NOVOS SEGUNDA, QUARTA E SEXTA, √ÄS 12h!ADQUIRA MINHAS AULAS POR R$7,90 somente at√© o dia 31/08: https://apenasana.com.br/aulasInscreva-se no canal: http://youtube.com.br/blogapenasanaMais dicas e truques de beleza: https://bit.ly/2KaFmKOMais v√≠deos de cabelo: https://bit.ly/2Ka7eib‚óè E-Book For√ßa Na Transi√ß√£o Capilar: https://apenasana.com.br/forca-na-transicao-capilar/‚óè Voc√™ passou pela transi√ß√£o e quer contar sua hist√≥ria l√° no blog? Ent√£o clica aqui: https://apenasana.com.br/voltando-aos-cachos/üíª Blog: http://www.apenasana.com.brüì∑ Instagram: http://www.instagram.com/analidialopessüëçüèº Fanpage: http://www.facebook.com/blogapenasanaüì± Twitter: http://www.twitter.com/analidialopessüì© Comercial: contato@apenasana.com.brüéÅ Caixa Postal 320, CEP 38610970, Una√≠ - MGüéµ M√∫sicas: http://www.epidemicsound.com/https://www.youtube.com/audiolibrary/",People & Blogs
mOsigMz8ROw,Bolsonaro: 'O Brasil est√° quebrado. N√£o consigo fazer nada',2021-01-05 16:29:00+00:00,UC-6xqzMBF2CXTImn_a4aCVg,Jornal O Globo,2021-01-14 00:00:00+00:00,1324378,5637,2975,5294,"Em conversa com apoiadores na sa√≠da do Pal√°cio do Planalto, o presidente Jair Bolsonaro afirmou que o Brasil est√° 'quebrado' e que ele n√£o consegue 'fazer nada'. Bolsonaro citou a altera√ß√£o da tabela do Imposto de Renda como uma das suas promessas que n√£o consegue cumprir e ainda colocou a culpa da situa√ß√£o do pa√≠s na pandemia de Covid-19 e na imprensa, que, segundo ele, teria 'potencializado' o coronav√≠rus. A doen√ßa se aproxima de vitimar 200 mil pessoas no Brasil, que √© o segundo pa√≠s no mundo com mais √≥bitos pela doen√ßa e terceiro com mais casos, totalizando quase 8 milh√µes de infectados.ASSINE O GLOBO: http://assineoglobo.globo.com/INSCREVA-SE NO CANAL: http://bit.ly/2BQvqB4 O SITE: https://www.oglobo.globo.comOS PODCASTS: https://oglobo.globo.com/podcast/O FACEBOOK: https://www.facebook.com/jornalogloboO TWITTER: https://twitter.com/jornalogloboO INSTAGRAM: https://www.instagram.com/jornaloglobo/AS NEWSLETTERS: https://oglobo.globo.com/newsletter/cardapio/",News & Politics
1z-pH_Yi6dk,O CANAL VAI ACABAR?,2020-08-18 14:00:01+00:00,UCu3PnW9yUmniJj5-QZ44jOQ,Bruna Gomes,2020-08-24 00:00:00+00:00,475770,67569,889,2862,MEU SITE: https://www.brunagomes.com.br/INSTAGRAM:https://www.instagram.com/eibrunagomes/REALIZA√á√ÉO: PLAY9,People & Blogs
viQ5RbsbkTM,EMOJIS QUE DEVERIAM EXISTIR - CANAL DO CLEPTON,2021-07-16 23:00:15+00:00,UCDaM5npyBufSF9XF7XnDlsA,CLEPTON,2021-07-26 00:00:00+00:00,1649695,204344,2883,1684,"Parte 2: https://youtu.be/8EWC35mMRKsQual emoji voc√™s acham que deveriam existir? Deixe nos coment√°rios.#Shorts #HumorSalve, pessoal. Tudo bem voc√™s?Pra voc√™ que est√° chegando agora, eu sou o Erick Clepton (quase como o cantor), humorista, roteirista, improvisador, namorado da Amanda e irm√£o do Pierre. Aqui no canal voc√™ vai acompanhar curiosidades, entrevistas, piadas, jogos de improvisos e o que mais pudermos inventar! üöÄParticipe deixando a sua sugest√£o de tema e v√≠deo na aba comunidade, e n√£o esque√ßa de se inscrever para n√£o perder nenhuma novidade. ü¶ñComercial: clepton@flocks.tvü§ñEdic√£o: Gustavo VorageProdu√ß√£o executiva: Flocks",Comedy
ugt4OxVg5Qc,Prontos?,2021-02-22 22:51:28+00:00,UCoUK-B7qPl3jY9-Kc1CGGgQ,J√£o,2021-02-24 00:00:00+00:00,97625,23956,104,3302,CORINGA - NOVA M√öSICA 24/02 √†s 21h,Music
a-ZjjYI9d24,PRIMEIRO JANTAR NA CASA NOVA - LASANHA COM 4 INGREDIENTES,2021-04-25 22:04:54+00:00,UC9eXFedzizQtlY5snZ-IFkg,Sunaika Bruna,2021-05-04 00:00:00+00:00,1085848,133430,672,2152,Me siga nas Redes Socias:‚û°Ô∏èINSTAGRAM: https://www.instagram.com/sunaikabruna/‚û°Ô∏èTWITEER: https://twitter.com/sunaikaasouza‚û°Ô∏èFACEBOOK: https://www.facebook.com/sunaikabrunaa,Entertainment
FOm8LqH5lz8,Cardi B x Megan Thee Stallion - Inside the WAP (BTS) [Part 1],2020-09-09 22:36:46+00:00,UCxMAbVFmxKUVGAll0WVGpFw,Cardi B,2020-09-16 00:00:00+00:00,7846844,443599,11455,20247,"Cardi B x Megan Thee Stallion - Inside the WAP [Part 1]Stream/Download: https://CardiB.lnk.to/WAPSubscribe for more official content from Cardi B: https://CardiB.lnk.to/SubscribeFollow Cardi Bhttp://cardibofficial.comhttp://Twitter.com/IAmCardiBhttp://Facebook.com/IAmCardiBhttp://Instagram.com/f/iamcardibhttp://Soundcloud.com/IAmCardiBExclusive Bardi Gang merchandise available here: http://smarturl.it/BardiGangMerchYTThe official YouTube channel of Atlantic Records artist Cardi B. Subscribe for the latest music videos, performances, and more.",Music
mmc2sCXrTws,"DADJU, ANITTA - Mon soleil (Official video)",2021-06-25 16:00:10+00:00,UC8HMvOLE0etpO_eVjJ98bHA,DADJU,2021-07-06 00:00:00+00:00,9176180,225431,3485,16748,"Poison ou Antidote - √©dition Miel Book maintenant disponible :https://dadju.lnk.to/POAMielBook‚ÄãAvec + d‚Äô1 million d‚Äôalbums vendus, Dadju figure d√©sormais comme l‚Äôun des artistes majeur de la sc√®ne musicale fran√ßaise !‚Äî‚Äî‚Äî‚Äî‚Äî‚Äî‚Äî‚Äî‚Äî‚Äî‚Äî‚Äî‚Äî‚Äî‚Äî‚ÄîEn concert √©v√©nement au Parc des Princes le 18 juin 2022 :https://smarturl.it/DadjuParcDesPrinces‚ÄãEt en tourn√©e dans toute la France :P.O.A TOUR : https://smarturl.it/DadjuPOATour‚Äã‚Äî‚Äî‚Äî‚Äî‚Äî‚Äî‚Äî‚Äî‚Äî‚Äî‚Äî‚Äî‚Äî‚Äî‚Äî‚ÄîSuivez toute l'actualit√© de DADJU :https://www.instagram.com/DADJU‚Äãhttps://www.facebook.com/DADJU‚Äãhttps://twitter.com/DADJU‚ÄãSnapchat : Dadjnight#Dadju #Anitta #MonSoleil",Music
VPG-40GA8Q8,JayA Luuck | BOOMERANG | Prod. Greezy,2020-09-25 15:00:11+00:00,UCUab6awqVYgwJge07VFBphg,Aldeia Records,2020-10-01 00:00:00+00:00,434927,62717,417,1995,"Escute a m√∫sica no SPOTIFY ou na sua plataforma favorita: https://ditto.fm/boomerang-jaya-luuckgreezy-aldeia-recordsM√∫sica: BoomerangArtistas: JayA Luuck, GreezyBeat: GreezyMix/Master: GreezyProdu√ß√£o AudioVisual: Jr. BlackRoteiro Plano Sequ√™ncia: Colosso, Jr. Black, JayA LuuckRealiza√ß√£o: Aldeia RecordsProdu√ß√£o Executiva: Jorge Oliveira",Music
wxBb8ADY7SA,BASTIDORES DO DERBY | Corinthians 0 x 2 Palmeiras | BRASILEIRO 2020,2020-09-12 13:00:13+00:00,UCBKc-rPDivvwFiWdG-81wxw,TV Palmeiras/FAM,2020-09-18 00:00:00+00:00,275155,26812,247,1546,"QUE MOMENTO! Confira os bastidores da vit√≥ria do Verd√£o na casa do rival. Veja o vesti√°rio antes do jogo e a comemora√ß√£o ap√≥s! ---------√â fundamental que voc√™ SE INSCREVA na TV PALMEIRAS, CURTA cada v√≠deo e ATIVE o SINO de NOTIFICA√á√ïES (para receber aviso no celular sempre que tem v√≠deo novo do Verd√£o)!-----------Siga o Verd√£o nas redes sociais! Facebook: http://facebook.com/PalmeirasInstagram: http://Instagram.com/PalmeirasTwitter: https://twitter.com/Palmeiras------------Clique e assine agora mesmo o Esporte Interativo Plushttps://bit.ly/2Iruc3c-------------",Sports
E_SZ3ObGyTA,BTS (Î∞©ÌÉÑÏÜåÎÖÑÎã®) 'Film out' Official Teaser,2021-03-25 15:00:04+00:00,UC3IZKseVpdzPSBaWxBxundA,HYBE LABELS,2021-04-05 00:00:00+00:00,18431673,2935572,22780,300131,"BTS (Î∞©ÌÉÑÏÜåÎÖÑÎã®) 'Film out' Official TeaserBTS (Î∞©ÌÉÑÏÜåÎÖÑÎã®) 'Film out' Official MV will be released at 12AM (JST/KST) on April 2, 2021Song Credits:Produced by back number, UTA for TinyVoice, Production(Iyori Shimizu from back number, JUNG KOOK)Music Video Credits:Director: Yong Seok Choi (Lumpens)1st AD: Jihye Yoon (Lumpens)2nd AD: Ran Ro (Lumpens)PA: Chanyang Kim, Soeyoung ParkDirector of Photography: EumkoFocus Puller: Sangwoo Yun2nd AC: Youngwoo Lee, Eunil Lee3rd AC: Yuntae KoGaffer: Choi Doo Soo (DS LIGHT)Lighting Crew: Heo Jung Hwan, Jung Yu Jin, Lee Seong Min, Lee Sang Jun, Lee Gun, La haeArt Director: Bona Kim, Jinsil Park (MU:E)Assistant Art team: Yeri Kang, Minjung Kim (MU:E)Art-team Manager: ilho Heo (MU:E)Key Grip: Kiheon ChoiBestboy: Sungeun KimGrip: Hobin Kang , Hyunsuk JoTechno Crane : SeviceVision KoreaTaehyun Choi , Yonggeun Hwang , Jisoo Woo , Hakseo Kim , Jaewon JungJimmy Jib Operator: Youngjung KimJimmy Jib Assistant: Hyunin Kim , Sunghoon Kim , Yunhyun KimVFX: PLASTIC BEACHVFX Supervisor: OHZEONVFX Assistant Supervisor: JOJEEMVFX Project Manager: Song Chanyoung, Jeong JieunVFX Producer: Jang Kyutae, Ahn Sohyun3D Artist: Lee Kwangwon, Kim Doyeon, Lee Jeonghwa, Jeon Jiwon2D Artist: Jang Gihoon, Lee Hyunjun, Shin HyeunsungFX Artist: We JungInVisual Creative: Nu Kim, Lee Sun Kyoung, Kang Ju Eun, Kim Ga Eun, Kim Hyo Won, Cha Yeon HwaArtist Management: Kim Shin Gyu, Jang Jin Gu, Kim Su Bin, An Da Sol, Park Jun Tae, Yun Taewoong, Lee Seung Byung, Lee Jung Min, Lee Hyeon KiBig Hit Entertainment. Rights are reserved selectively in the video. Unauthorized reproduction is a violation of applicable laws. Manufactured by Big Hit Entertainment, Seoul, Korea.Connect with BTS: https://ibighit.com/bts‚Äã https://bts-official.jphttp://twitter.com/BTS_bighit‚Äãhttp://twitter.com/BTS_twt‚Äã http://twitter.com/BTS_jp_officialhttp://www.facebook.com/bangtan.official‚Äã https://www.youtube.com/user/BANGTANTV‚Äã http://instagram.com/BTS.bighitofficial‚Äã https://channels.vlive.tv/FE619‚Äã https://www.tiktok.com/@bts_official_bighithttps://weverse.onelink.me/qt3S/94808190‚Äãhttps://www.weibo.com/BTSbighit‚Äãhttps://www.weibo.com/BTSmembers‚Äã http://i.youku.com/btsofficial‚Äã http://btsblog.ibighit.com‚Äãhttps://bts-officialshop.jp/#BTS‚Äã #Î∞©ÌÉÑÏÜåÎÖÑÎã®‚Äã #Filmout #BTSTHEBEST #Teaser",Music
j7O0pN59534,FLAMENGO PERDE para o ATHLETICO; INTER VENCE o GR√äMIO e DISPARA no TOPO | De Placa (25/01/21),2021-01-25 15:19:35+00:00,UCdkhkda5VQPbKSzx03HohMw,De Placa,2021-01-28 00:00:00+00:00,90241,5337,160,38,"No #DePlaca de hoje vamos falar muito sobre a rodada do Brasileir√£o. O Flamengo perdeu para o Athletico-PR e viu a dist√¢ncia para o l√≠der aumentar ainda mais. O Rubro-Negro de Dome tinha mais equil√≠brio que o de Rog√©rio Ceni? O Internacional venceu o Gr√™mio nos acr√©scimos e disparou na lideran√ßa. O p√≥s-jogo foi recheado de cr√≠ticas a arbitragem pelo lado Tricolor. Para Renato Ga√∫cho, avacalharam com a competi√ß√£o. Isso e muito mais. Vem com a gente!Se inscreva no canal para n√£o perder nenhum De Placa! De segunda a sexta, 10h30, com o melhor debate esportivo do Youtube!Assista aos jogos da Champions League, Brasileir√£o, Campeonato Italiano e Nations League ao vivo pelo Est√°dio TNT Sports! Acesse o link: https://bit.ly/35zfrbfAcesse o portal da TNT Sports: http://www.tntsports.com.br/",Sports
